sticker_code,quantity
00,1
FWC1,1
FWC2,1
FWC3,0
FWC4,2
FWC5,0
FWC6,1
FWC7,3
FWC8,1
FWC9,2
FWC10,2
FWC11,1
FWC12,2
FWC13,2
FWC14,0
FWC15,0
FWC16,2
FWC17,1
FWC18,2
ALG1,0
ALG2,2
ALG3,1
ALG4,1
ALG5,1
ALG6,1
ALG7,1
ALG8,1
ALG9,0
ALG10,1
ALG11,1
ALG12,2
ALG13,1
ALG14,1
ALG15,1
ALG16,1
ALG17,2
ALG18,1
ALG19,0
ALG20,0
ARG1,2
ARG2,1
ARG3,1
ARG4,1
ARG5,1
ARG6,1
ARG7,2
ARG8,1
ARG9,1
ARG10,2
ARG11,1
ARG12,1
ARG13,1
ARG14,2
ARG15,1
ARG16,0
ARG17,1
ARG18,1
ARG19,1
ARG20,1
AUS1,2
AUS2,2
AUS3,1
AUS4,2
AUS5,1
AUS6,2
AUS7,1
AUS8,0
AUS9,1
AUS10,2
AUS11,1
AUS12,1
AUS13,2
AUS14,1
AUS15,2
AUS16,1
AUS17,2
AUS18,2
AUS19,0
AUS20,1
AUT1,2
AUT2,1
AUT3,2
AUT4,1
AUT5,2
AUT6,1
AUT7,0
AUT8,2
AUT9,2
AUT10,1
AUT11,1
AUT12,2
AUT13,0
AUT14,3
AUT15,1
AUT16,0
AUT17,1
AUT18,2
AUT19,0
AUT20,1
BEL1,3
BEL2,1
BEL3,2
BEL4,1
BEL5,1
BEL6,2
BEL7,1
BEL8,2
BEL9,1
BEL10,2
BEL11,1
BEL12,1
BEL13,1
BEL14,2
BEL15,2
BEL16,1
BEL17,2
BEL18,2
BEL19,1
BEL20,2
BIH1,1
BIH2,1
BIH3,0
BIH4,2
BIH5,1
BIH6,1
BIH7,1
BIH8,1
BIH9,1
BIH10,1
BIH11,1
BIH12,1
BIH13,1
BIH14,0
BIH15,1
BIH16,0
BIH17,0
BIH18,2
BIH19,1
BIH20,2
BRA2,2
BRA3,1
BRA4,1
BRA5,1
BRA6,1
BRA7,1
BRA8,1
BRA9,1
BRA10,1
BRA11,1
BRA12,1
BRA13,0
BRA14,3
BRA15,2
BRA16,1
BRA17,2
BRA18,2
BRA19,1
BRA20,2
CAN1,1
CAN2,1
CAN3,1
CAN4,1
CAN5,0
CAN6,1
CAN7,3
CAN8,1
CAN9,1
CAN10,0
CAN11,2
CAN12,0
CAN13,1
CAN14,2
CAN15,1
CAN16,0
CAN17,1
CAN18,1
CAN19,1
CAN20,2
CIV1,0
CIV2,2
CIV3,0
CIV4,0
CIV5,0
CIV6,1
CIV7,2
CIV8,0
CIV9,1
CIV10,1
CIV11,2
CIV12,1
CIV13,1
CIV14,1
CIV15,2
CIV16,2
CIV17,1
CIV18,1
CIV19,0
CIV20,1
COD1,2
COD2,1
COD3,0
COD4,1
COD5,2
COD6,0
COD7,2
COD8,2
COD9,0
COD10,1
COD11,1
COD12,1
COD13,1
COD14,2
COD15,1
COD16,2
COD17,1
COD18,1
COD19,1
COD20,2
COL1,1
COL2,1
COL3,2
COL4,1
COL5,2
COL6,2
COL7,1
COL8,2
COL9,1
COL10,1
COL11,1
COL12,2
COL13,2
COL14,2
COL15,2
COL16,3
COL17,1
COL18,0
COL19,0
COL20,2
CPV1,1
CPV2,1
CPV3,0
CPV4,0
CPV5,2
CPV6,1
CPV7,1
CPV8,2
CPV9,1
CPV10,1
CPV11,2
CPV12,2
CPV13,1
CPV14,2
CPV15,0
CPV16,4
CPV17,1
CPV18,0
CPV19,0
CPV20,1
CRO1,1
CRO2,1
CRO3,1
CRO4,1
CRO5,1
CRO6,1
CRO7,1
CRO8,1
CRO9,1
CRO10,2
CRO11,0
CRO12,2
CRO13,1
CRO14,0
CRO15,2
CRO16,2
CRO17,2
CRO18,1
CRO19,2
CRO20,2
CUW1,1
CUW2,0
CUW3,2
CUW4,2
CUW5,0
CUW6,0
CUW7,0
CUW8,0
CUW9,2
CUW10,2
CUW11,1
CUW12,2
CUW13,1
CUW14,1
CUW15,2
CUW16,1
CUW17,1
CUW18,1
CUW19,1
CUW20,1
CZE1,2
CZE2,1
CZE3,1
CZE4,1
CZE5,1
CZE6,1
CZE7,0
CZE8,2
CZE9,1
CZE10,2
CZE11,2
CZE12,2
CZE13,1
CZE14,2
CZE15,2
CZE16,1
CZE17,0
CZE18,0
CZE19,1
CZE20,2
ECU1,1
ECU2,2
ECU3,0
ECU4,2
ECU5,2
ECU6,1
ECU7,2
ECU8,1
ECU9,1
ECU10,1
ECU11,1
ECU12,1
ECU13,0
ECU14,1
ECU15,1
ECU16,1
ECU17,1
ECU18,2
ECU19,2
ECU20,0
EGY1,1
EGY2,1
EGY3,1
EGY4,1
EGY5,1
EGY6,1
EGY7,2
EGY8,1
EGY9,2
EGY10,1
EGY11,1
EGY12,1
EGY13,1
EGY14,0
EGY15,1
EGY16,0
EGY17,2
EGY18,2
EGY19,1
EGY20,2
ENG1,2
ENG2,1
ENG3,2
ENG4,2
ENG5,0
ENG6,1
ENG7,1
ENG8,1
ENG9,1
ENG10,0
ENG11,2
ENG12,2
ENG13,1
ENG14,1
ENG15,1
ENG16,2
ENG17,0
ENG18,1
ENG19,1
ENG20,0
ESP1,1
ESP2,2
ESP3,1
ESP4,1
ESP5,1
ESP6,1
ESP7,2
ESP8,2
ESP9,2
ESP10,0
ESP11,0
ESP12,2
ESP13,0
ESP14,2
ESP15,1
ESP16,1
ESP17,1
ESP18,1
ESP19,2
ESP20,1
FRA1,1
FRA2,2
FRA3,2
FRA4,1
FRA5,1
FRA6,0
FRA7,1
FRA8,1
FRA9,2
FRA10,1
FRA11,2
FRA12,0
FRA13,1
FRA14,0
FRA15,1
FRA16,0
FRA17,1
FRA18,3
FRA19,1
FRA20,0
GER1,1
GER2,0
GER3,1
GER4,1
GER5,0
GER6,1
GER7,1
GER8,1
GER9,1
GER10,3
GER11,1
GER12,0
GER13,2
GER14,1
GER15,0
GER16,1
GER17,1
GER18,1
GER19,2
GER20,3
GHA1,2
GHA2,1
GHA3,1
GHA4,2
GHA5,1
GHA6,1
GHA7,2
GHA8,0
GHA9,1
GHA10,2
GHA11,2
GHA12,1
GHA13,0
GHA14,1
GHA15,2
GHA16,1
GHA17,0
GHA18,0
GHA19,0
GHA20,1
HAI1,1
HAI2,1
HAI3,0
HAI4,0
HAI5,1
HAI6,2
HAI7,1
HAI8,0
HAI9,2
HAI10,1
HAI11,0
HAI12,0
HAI13,1
HAI14,2
HAI15,1
HAI16,1
HAI17,2
HAI18,0
HAI19,1
HAI20,1
IRN1,2
IRN2,2
IRN3,1
IRN4,0
IRN5,1
IRN6,2
IRN7,1
IRN8,1
IRN9,1
IRN10,1
IRN11,2
IRN12,2
IRN13,1
IRN14,2
IRN15,2
IRN16,1
IRN17,1
IRN18,1
IRN19,2
IRN20,2
IRQ1,2
IRQ2,0
IRQ3,0
IRQ4,1
IRQ5,1
IRQ6,0
IRQ7,1
IRQ8,0
IRQ9,0
IRQ10,2
IRQ11,2
IRQ12,2
IRQ13,0
IRQ14,1
IRQ15,1
IRQ16,1
IRQ17,1
IRQ18,2
IRQ19,0
IRQ20,2
JOR1,1
JOR2,0
JOR3,0
JOR4,1
JOR5,1
JOR6,1
JOR7,2
JOR8,1
JOR9,2
JOR10,2
JOR11,0
JOR12,1
JOR13,2
JOR14,0
JOR15,1
JOR16,2
JOR17,2
JOR18,1
JOR19,1
JOR20,2
JPN1,3
JPN2,1
JPN3,2
JPN4,2
JPN5,0
JPN6,1
JPN7,2
JPN8,0
JPN9,2
JPN10,1
JPN11,1
JPN12,1
JPN13,0
JPN14,1
JPN15,2
JPN16,2
JPN17,1
JPN18,2
JPN19,2
JPN20,0
KOR1,1
KOR2,2
KOR3,1
KOR4,1
KOR5,1
KOR6,2
KOR7,2
KOR8,2
KOR9,0
KOR10,2
KOR11,1
KOR12,0
KOR13,1
KOR14,0
KOR15,1
KOR16,2
KOR17,2
KOR18,1
KOR19,0
KOR20,2
KSA1,1
KSA2,1
KSA3,1
KSA4,0
KSA5,2
KSA6,2
KSA7,1
KSA8,1
KSA9,0
KSA10,0
KSA11,1
KSA12,1
KSA13,1
KSA14,3
KSA15,1
KSA16,2
KSA17,2
KSA18,1
KSA19,1
KSA20,1
MAR1,3
MAR2,1
MAR3,2
MAR4,2
MAR5,2
MAR6,1
MAR7,1
MAR8,1
MAR9,2
MAR10,0
MAR11,1
MAR12,0
MAR13,1
MAR14,0
MAR15,0
MAR16,1
MAR17,0
MAR18,2
MAR19,2
MAR20,1
MEX1,1
MEX2,1
MEX3,1
MEX4,2
MEX5,1
MEX6,1
MEX7,1
MEX8,1
MEX9,0
MEX10,0
MEX11,1
MEX12,1
MEX13,1
MEX14,0
MEX15,1
MEX16,1
MEX17,3
MEX18,1
MEX19,1
MEX20,1
NED1,1
NED2,2
NED3,2
NED4,0
NED5,1
NED6,1
NED7,1
NED8,0
NED9,1
NED10,1
NED11,2
NED12,2
NED13,1
NED14,0
NED15,0
NED16,2
NED17,1
NED18,0
NED19,1
NED20,0
NOR1,1
NOR2,1
NOR3,1
NOR4,1
NOR5,0
NOR6,1
NOR7,1
NOR8,1
NOR9,2
NOR10,1
NOR11,1
NOR12,2
NOR13,1
NOR14,1
NOR15,1
NOR16,1
NOR17,2
NOR18,1
NOR19,2
NOR20,2
NZL1,1
NZL2,4
NZL3,1
NZL4,1
NZL5,1
NZL6,2
NZL7,3
NZL8,2
NZL9,1
NZL10,2
NZL11,1
NZL12,1
NZL13,0
NZL14,1
NZL15,0
NZL16,1
NZL17,0
NZL18,2
NZL19,0
NZL20,2
PAN1,1
PAN2,0
PAN3,2
PAN4,1
PAN5,2
PAN6,1
PAN7,1
PAN8,1
PAN9,2
PAN10,1
PAN11,0
PAN12,0
PAN13,1
PAN14,1
PAN15,2
PAN16,1
PAN17,1
PAN18,1
PAN19,0
PAN20,1
PAR1,2
PAR2,1
PAR3,1
PAR4,1
PAR5,1
PAR6,2
PAR7,1
PAR8,2
PAR9,1
PAR10,1
PAR11,1
PAR12,0
PAR13,1
PAR14,1
PAR15,1
PAR16,3
PAR17,1
PAR18,0
PAR19,1
PAR20,1
POR1,1
POR2,0
POR3,2
POR4,1
POR5,2
POR6,1
POR7,1
POR8,2
POR9,1
POR10,1
POR11,1
POR12,1
POR13,1
POR14,3
POR15,2
POR16,2
POR17,1
POR18,3
POR19,2
POR20,2
QAT1,2
QAT2,1
QAT3,1
QAT4,1
QAT5,1
QAT6,0
QAT7,2
QAT8,3
QAT9,2
QAT10,1
QAT11,2
QAT12,1
QAT13,1
QAT14,0
QAT15,1
QAT16,1
QAT17,1
QAT18,0
QAT19,2
QAT20,1
RSA1,1
RSA2,1
RSA3,1
RSA4,2
RSA5,1
RSA6,1
RSA7,1
RSA8,0
RSA9,2
RSA10,1
RSA11,0
RSA12,0
RSA13,2
RSA14,2
RSA15,2
RSA16,1
RSA17,0
RSA18,1
RSA19,1
RSA20,0
SCO1,2
SCO2,1
SCO3,0
SCO4,2
SCO5,1
SCO6,0
SCO7,1
SCO8,1
SCO9,1
SCO10,2
SCO11,0
SCO12,1
SCO13,2
SCO14,2
SCO15,1
SCO16,0
SCO17,1
SCO18,0
SCO19,1
SCO20,1
SEN1,2
SEN2,2
SEN3,1
SEN4,1
SEN5,2
SEN6,0
SEN7,2
SEN8,2
SEN9,1
SEN10,1
SEN11,1
SEN12,1
SEN13,0
SEN14,1
SEN15,0
SEN16,1
SEN17,1
SEN18,0
SEN19,2
SEN20,0
SUI1,1
SUI2,0
SUI3,1
SUI4,1
SUI5,1
SUI6,1
SUI7,2
SUI8,2
SUI9,0
SUI10,1
SUI11,1
SUI12,1
SUI13,0
SUI14,2
SUI15,1
SUI16,1
SUI17,1
SUI18,1
SUI19,1
SUI20,1
SWE1,1
SWE2,2
SWE3,0
SWE4,0
SWE5,2
SWE6,1
SWE7,2
SWE8,2
SWE9,2
SWE10,1
SWE11,0
SWE12,1
SWE13,3
SWE14,1
SWE15,2
SWE16,1
SWE17,2
SWE18,1
SWE19,2
SWE20,1
TUN1,2
TUN2,1
TUN3,2
TUN4,1
TUN5,2
TUN6,1
TUN7,1
TUN8,1
TUN9,1
TUN10,0
TUN11,1
TUN12,1
TUN13,0
TUN14,1
TUN15,1
TUN16,0
TUN17,0
TUN18,1
TUN19,1
TUN20,1
TUR1,2
TUR2,2
TUR3,2
TUR4,1
TUR5,1
TUR6,0
TUR7,1
TUR8,2
TUR9,3
TUR10,1
TUR11,0
TUR12,2
TUR13,1
TUR14,2
TUR15,2
TUR16,1
TUR17,1
TUR18,0
TUR19,2
TUR20,1
URU1,2
URU2,1
URU3,1
URU4,2
URU5,1
URU6,1
URU7,0
URU8,1
URU9,1
URU10,1
URU11,1
URU12,1
URU13,1
URU14,1
URU15,4
URU16,1
URU17,1
URU18,1
URU19,1
URU20,1
USA1,1
USA2,2
USA3,1
USA4,1
USA5,1
USA6,1
USA7,1
USA8,2
USA9,1
USA10,1
USA11,2
USA12,1
USA13,1
USA14,1
USA15,2
USA16,2
USA17,2
USA18,1
USA19,1
USA20,1
UZB1,2
UZB2,2
UZB3,1
UZB4,3
UZB5,2
UZB6,1
UZB7,2
UZB8,1
UZB9,1
UZB10,1
UZB11,0
UZB12,2
UZB13,1
UZB14,1
UZB15,1
UZB16,1
UZB17,1
UZB18,2
UZB19,1
UZB20,0
